Open,High,Low,Close,Volume,Dividends,Stock Splits,Price Change %,Target
125.43161455867813,127.18127564102066,123.64241984503863,124.90770721435547,89113600,0.0,0.0,0.0103142514333594,1
125.66884126386319,126.30148488412831,123.32608545003059,123.58309173583984,80962700,0.0,0.0,-0.010604753766254249,0
124.5617315121944,128.79253144434853,123.45460129199294,128.13023376464844,87754700,0.0,0.0,0.03679420837381353,1
128.9704583829939,131.87667022454877,128.39712274020837,128.6541290283203,70790800,0.0,0.0,0.004088771621490794,1
128.76287866678214,129.75138537718297,126.64747490986099,129.22747802734375,63896200,0.0,0.0,0.004456514558481173,1
129.7415193359335,131.97553930551643,128.9606055895864,131.95578002929688,69458900,0.0,0.0,0.021112398412478806,1
132.3412931209229,132.71691544226815,129.9293341536629,131.87669372558594,71379600,0.0,0.0,-0.0005993394430572341,0
130.51251723414498,133.369300530634,130.14677464113623,133.2111358642578,57809700,0.0,0.0,0.010118862559965525,1
133.2803661632613,135.7120843078782,132.58841445883436,134.3776092529297,63646600,0.0,0.0,0.008756575650405996,1
135.24748690824802,137.01690717262807,133.47805156045354,133.65599060058594,69672800,0.0,0.0,-0.005370081045165009,0
132.53897616267878,134.68403382720132,132.23254150823482,133.71530151367188,58280400,0.0,0.0,0.00044375798510354336,1
133.72520185575365,136.43371598175548,132.6773870363522,136.28543090820312,80223600,0.0,0.0,0.019220907147028843,1
136.5325341153351,141.67278077878365,136.31506144495467,139.48817443847656,81760300,0.0,0.0,0.02350026344657996,1
138.6973598255773,141.51460969317372,138.68748018952127,140.891845703125,66435100,0.0,0.0,0.010063012655367132,1
139.27068541615571,140.7929788466698,137.21459000886787,140.2295379638672,65799300,0.0,0.0,-0.004700823784034802,0
141.52447606882814,142.59206491599028,140.26906857030244,142.30540466308594,54105100,0.0,0.0,0.014803348348431777,1
141.51460940098116,145.5378234459024,141.43552706245464,144.2527618408203,70555800,0.0,0.0,0.013684351499824166,1
143.29392490593287,143.87714018615392,141.208175354279,141.3564453125,64015300,0.0,0.0,-0.020078066384034532,0
141.05988522159177,142.68103540109175,140.64471427014323,142.63160705566406,65874500,0.0,0.0,0.009020895653855998,1
142.31530314667881,144.92496009089808,139.69576656602072,143.75851440429688,77663600,0.0,0.0,0.007900824872519419,1
147.18864741549214,149.44244157391893,146.46704171932092,149.0865936279297,118339000,0.0,0.0,0.0370627036994029,1
146.32864922602454,155.57119313377925,146.13095089780094,152.7242889404297,154357300,0.0,0.0,0.02439988213546873,1
150.8164562342184,151.34036351523568,149.0470210083263,149.98609924316406,69858300,0.0,0.0,-0.017928973290775363,0
148.90863720361276,153.44587898676582,148.90863720361276,152.87254333496094,83322600,0.0,0.0,0.019244744055362473,1
152.1114301464605,152.80338188493596,149.4325701004995,150.1739501953125,64120100,0.0,0.0,-0.017652569132283746,0
152.0125441621068,152.55622581029445,148.69116137357645,149.135986328125,56007100,0.0,0.0,-0.006911743786705671,0
147.9678065326758,149.82902644753565,147.73019724066455,149.5023193359375,57450700,0.23,0.0,0.002456368961187616,1
149.44290943263957,152.71985991539307,149.41321016170093,152.31396484375,62199000,0.0,0.0,0.01880670159701414,1
150.60120648274088,152.2347417014366,149.35379194828116,151.67042541503906,61707600,0.0,0.0,-0.004225084872362839,0
151.58135329250317,153.94749097395436,151.35365383790918,153.77919006347656,65573800,0.0,0.0,0.013903598164684894,1
151.97733873436857,154.76919088525318,151.8189476677602,152.17535400390625,68167900,0.0,0.0,-0.010429473967890512,0
150.8289315997935,151.47243590583543,149.34390771836374,151.0269317626953,59144100,0.0,0.0,-0.007546703266952504,0
148.7004026088836,149.78942626925934,146.92828058675818,146.99757385253906,58867200,0.0,0.0,-0.0266797309799518,0
147.3836697109664,148.4528887502369,145.69075089528818,147.42327880859375,51011300,0.0,0.0,0.0028959998787581043,1
148.591484366889,148.83898834448985,145.7699480861059,147.9083709716797,48394200,0.0,0.0,0.0032904719458570764,1
145.64123957502227,145.720442659753,144.26511807901926,145.2452392578125,55469600,0.0,0.0,-0.018005280542080393,0
146.23523564162863,147.68065020234755,145.97782187399574,146.44313049316406,44998500,0.0,0.0,0.0082473700444341,1
145.58185657335414,147.59158785522064,145.36405184371336,145.93826293945312,50547000,0.0,0.0,-0.0034475331960655,0
145.3640509605452,145.76005131760687,143.56221459109048,143.85922241210938,55479000,0.0,0.0,-0.014246027638456282,0
142.93850860687647,145.24524759786468,142.46329007120497,144.45323181152344,52238100,0.0,0.0,0.004129101975210325,1
146.56195681168307,149.6013130753249,145.85905393614254,149.52210998535156,70732300,0.0,0.0,0.0350900987832643,1
152.25454983701871,154.73949959731118,151.92785785960842,152.29415893554688,87558000,0.0,0.0,0.018539391602130806,1
152.16546570634722,152.49217281957698,149.62113228238874,150.08644104003906,56182000,0.0,0.0,-0.014496405580742944,0
151.28432094793195,151.93773504020743,150.31410963622918,151.34371948242188,47204800,0.0,0.0,0.008377028821993315,1
152.02685072996366,152.99706215582498,148.73009571987657,149.0865020751953,53833600,0.0,0.0,-0.014914509931076014,0
148.7102983763868,149.43300577006005,146.13625093512175,147.01736450195312,68572400,0.0,0.0,-0.013878772017862251,0
146.33425116280637,151.6110378452132,146.2253488070177,148.9676971435547,84457100,0.0,0.0,0.013266001932551674,1
149.7696098588517,151.86843881288326,148.60139830336453,151.0665283203125,73695900,0.0,0.0,0.014089169779776034,1
149.6804929323757,151.71992308668965,148.42316862217967,151.4625244140625,77167900,0.0,0.0,0.0026213357661224457,1
150.64081493684654,154.89788610113325,150.1260024664939,154.29397583007812,76161100,0.0,0.0,0.018694072523676608,1
154.52170325241562,155.17511745555205,152.7396713831552,153.45248413085938,98944600,0.0,0.0,-0.005453820829307565,0
153.5217825705538,156.24432646768744,152.6109545912959,155.82850646972656,73641400,0.0,0.0,0.015483765885738299,1
155.7493352646716,157.80855539502778,154.97710883273007,157.68975830078125,73938300,0.0,0.0,0.011944231984385212,1
157.70955140928402,160.5211932163919,156.23442213481738,156.2542266845703,75701800,0.0,0.0,-0.009103518400178978,0
157.24422341863578,159.93706781022715,156.10569609721924,157.3432159423828,67622100,0.0,0.0,0.006969342723834426,1
157.27393337455686,158.73915274100096,156.27402271003157,158.65005493164062,59196500,0.0,0.0,0.008305658311549724,1
158.34315238139064,159.1648674270664,156.29381212775743,156.69972229003906,52390300,0.0,0.0,-0.012293299504005373,0
156.39283166414998,156.90764422361815,154.4226943488484,156.07601928710938,45992200,0.0,0.0,-0.003980243192615585,0
157.77883979840226,159.44207447801494,157.75905035570605,159.1648712158203,51305700,0.0,0.0,0.019790688811897716,1
159.91729850084738,160.84791604650388,159.6598997546549,160.739013671875,49501700,0.0,0.0,0.009890011809956523,1
160.8181856716707,163.35262396586768,160.29347845168977,163.2536163330078,68749800,0.0,0.0,0.015644009526311953,1
162.62993146566447,164.62975289569243,162.58042764470542,164.51095581054688,56976200,0.0,0.0,0.007701755745332495,1
164.9366348738105,165.17422899271943,163.4615059243357,163.976318359375,46278300,0.0,0.0,-0.003249859248204534,0
163.0952264685397,163.40212898364032,160.1845772758085,162.125,51511700,0.0,0.0,-0.011290156883005498,0
160.80827539475462,163.31302951982073,160.3825758088242,163.01602172851562,45390100,0.0,0.0,0.005495893468099533,1
159.80839731300316,160.4123077392578,158.4817793623607,160.4123077392578,47716900,0.0,0.0,-0.015972135509440877,0
160.72910794044708,160.73900266239136,158.90746697083827,159.194580078125,47644200,0.0,0.0,-0.007591235849010891,0
159.61038476928212,160.44199460478865,158.18475927615913,158.50157165527344,50133100,0.0,0.0,-0.004353216186829156,0
160.01628790137767,164.14465273087802,159.80837789845614,163.90704345703125,68445600,0.0,0.0,0.034103584874945136,1
162.9467114928456,164.6594498569072,162.18441013519882,163.56053161621094,49386500,0.0,0.0,-0.0021140753533948065,0
163.4417206444433,163.73872843453088,162.39230621171848,163.580322265625,41516200,0.0,0.0,0.00012099893060080191,1
164.44163659637942,165.7385549260402,163.99611738449903,164.8079376220703,49923000,0.0,0.0,0.007504664005074435,1
164.14464415802902,166.48108235627174,163.8872303481945,165.9563751220703,47720200,0.0,0.0,0.00696833851918921,1
164.43175373561738,166.19398100625685,163.90704646438456,164.9861602783203,52456400,0.0,0.0,-0.00584620411862069,0
163.40212053189984,164.7881366917755,162.84771406794957,163.37242126464844,58337300,0.0,0.0,-0.00978105685319064,0
163.3526447044582,163.94666036414364,162.25372630855222,163.67935180664062,41949600,0.0,0.0,0.0018787169806033788,1
163.54072367407858,164.64953661232676,162.09529385976796,162.13490295410156,48714100,0.0,0.0,-0.00943581970170293,0
161.43199188421733,163.6298284131595,161.1745931859106,162.125,45498800,0.0,0.0,-6.10784841581502e-05,0
163.54072434320634,166.8770729984066,163.54072434320634,166.72857666015625,64902300,0.0,0.0,0.02839522997783339,1
166.80782487921343,168.15424743397054,166.20391442951103,167.98593139648438,55209200,0.0,0.0,0.007541327116892482,1
167.58988704485296,168.74820381228082,166.9562774855819,167.89678955078125,52472900,0.0,0.0,-0.0005306506620053053,0
168.39179691797213,168.64921071415353,165.8672534099648,166.85726928710938,48425700,0.0,0.0,-0.006191424305689086,0
167.80771888799373,169.21353985292495,165.4910849784499,165.77818298339844,65136000,0.0,0.0,-0.006467121919957575,0
163.24372680909343,165.3722550253471,162.66951575440282,164.13473510742188,81235400,0.0,0.0,-0.009913535342229829,0
169.27291399392053,172.55977402605672,169.055109287866,171.83706665039062,113316400,0.0,0.0,0.04692688319707461,1
170.7579255984111,172.1142575536809,170.3916245765101,171.7677459716797,55962800,0.0,0.0,-0.0004034093462033095,0
171.32224224608487,171.80734033421783,169.88672231518646,170.05502319335938,45326900,0.0,0.0,-0.009971154762679957,0
171.29257694818676,172.29248769554175,170.1837487273319,171.82717895507812,53724500,0.0,0.0,0.010421072711881862,1
172.11429695457542,172.8468991660868,170.45106212923693,172.01528930664062,49514700,0.0,0.0,0.0010947648253696318,1
172.12430116865193,172.5605130962495,169.52687667093326,171.08335876464844,45497800,0.24,0.0,-0.00541771923733414,0
171.66828335580215,171.71785564660993,169.9928397669383,170.58767700195312,37266700,0.0,0.0,-0.0028973113824425356,0
170.50836436212853,171.64845141401116,170.3199987334625,170.58767700195312,42110300,0.0,0.0,0.0,0
170.23077817517168,171.4402543357864,168.9518826544196,171.20233154296875,57951600,0.0,0.0,0.003603159101630782,1
171.50966446616422,173.73037308197308,171.0932844370763,173.54200744628906,65496700,0.0,0.0,0.013666145094134441,1
174.8704617599002,174.8704617599002,173.43295602393476,173.65106201171875,55772400,0.0,0.0,0.0006284044251558818,1
172.48120433403864,173.20492646986477,171.95577135327312,172.69931030273438,43570900,0.0,0.0,-0.005480828610884947,0
171.6385439691014,171.88639029719062,169.80447509030535,170.08206176757812,50747300,0.0,0.0,-0.015154944918820634,0
169.61611066863975,170.93465495874622,169.0510289027881,170.35964965820312,45143500,0.0,0.0,0.0016320821122473017,1
170.92475054539574,172.4019050243478,170.21095188854838,171.499755859375,56058300,0.0,0.0,0.006692348824732353,1
171.82689288847826,174.25578364207266,171.6186953371014,173.918701171875,54835000,0.0,0.0,0.014104657469503623,1
175.4355461600694,177.44805707235744,175.04890650518007,175.77261352539062,55964400,0.0,0.0,0.0106596492557951,1
175.80236562165695,177.80496826079084,175.23726871202743,175.72305297851562,99625300,0.0,0.0,-0.00028195829760391256,0
176.1691790241155,178.5683298287558,175.405808045758,178.53858947753906,68901800,0.0,0.0,0.016022579003152515,1
179.4704869589175,180.21402596420296,177.71573067078862,179.39117431640625,61945900,0.0,0.0,0.004775353279994565,1
181.05667140205244,183.35667704085972,176.50620215180572,178.03294372558594,121946500,0.0,0.0,-0.0075713345207535365,0
178.41961560329207,178.56831734898336,175.90148844243106,177.66616821289062,64848400,0.0,0.0,-0.0020601553005866746,0
176.90280103766142,179.64894264257165,175.79245430672572,176.28814697265625,61944600,0.0,0.0,-0.007756238872575594,0
176.36743802214428,179.28211321134853,175.93124119908015,179.0144500732422,50214900,0.0,0.0,0.015465039183881313,1
179.93644924551378,180.66015634842165,179.0739487923587,179.40110778808594,48870700,0.0,0.0,0.0021599246020953533,1
179.70841552076647,182.30584013644759,179.4109969086846,182.20669555664062,54274900,0.0,0.0,0.015638631238937162,1
181.22521869290037,182.56357964467625,180.86831941362593,181.73081970214844,54929100,0.0,0.0,-0.0026117363746617217,0
181.79033583961464,182.8015531826157,180.45197462688512,182.36534118652344,57462900,0.0,0.0,0.0034915458226345564,1
182.3752648056927,184.91320900884034,182.19680756750913,184.4075927734375,65433200,0.0,0.0,0.011198682675263694,1
185.12138568804832,185.37915556544473,182.68258615200966,183.3269805908203,101235600,0.0,0.0,-0.0058599115490045595,0
182.82136138571053,184.49680491343358,182.82136138571053,183.4161834716797,49799100,0.0,0.0,0.00048657802889628954,1
183.30714894064778,183.8127651610623,181.01705115534045,182.37525939941406,49515700,0.0,0.0,-0.0056752029867983556,0
182.15715766621673,185.43864089866383,182.08775342754114,185.38906860351562,51245300,0.0,0.0,0.016525318258772792,1
183.95153754819322,185.94421646985703,183.41618103785228,185.07179260253906,53079300,0.0,0.0,-0.0017114061976065686,0
185.22052415803645,186.43001547826037,183.63430156934749,183.67396545410156,48088700,0.0,0.0,-0.007552891387611282,0
184.28862175731683,186.767085127622,184.07051577054278,186.43992614746094,50730800,0.0,0.0,0.015059078658867131,1
186.311023626698,188.26405378835105,185.9838798047539,187.61965942382812,51216800,0.0,0.0,0.006327685816792883,1
187.45114025988062,188.43261718372244,187.31234691859044,187.9567413330078,46347300,0.0,0.0,0.0017966236065818375,1
189.97915814355193,192.80459699760345,189.61233531862223,192.2989959716797,85069600,0.0,0.0,0.023102414991216458,1
192.11063791232868,192.20978249103928,190.10803541561756,190.80201721191406,31458200,0.0,0.0,-0.007784641579647644,0
189.91968534956396,191.3175270975779,188.97785723169864,189.68174743652344,46920300,0.0,0.0,-0.00587137280706207,0
188.20457782150964,190.36580559694158,187.57009184775086,190.15760803222656,45094300,0.0,0.0,0.0025087316103642454,1
189.76109103858747,191.01023124936708,188.60117188700468,189.03736877441406,46778000,0.0,0.0,-0.005891109324548505,0
187.62957811566648,188.3533002828443,185.42870151973196,186.9851837158203,59922200,0.0,0.0,-0.01085597557720297,0
187.53046059023825,187.66925393721883,184.99251645839882,186.4597625732422,46638100,0.0,0.0,-0.0028099613677234903,0
188.0459566971953,190.04855924155865,186.84638895388292,188.13519287109375,60750200,0.0,0.0,0.008985479090661386,1
188.8589108119984,189.5429691298021,188.14511214362412,188.8985595703125,41342300,0.0,0.0,0.004057543341940306,1
188.59124304090398,189.53305615859267,187.99642086899894,189.0472869873047,41573900,0.0,0.0,0.0007873401328759577,1
190.24685589214712,192.6460219186536,190.1576348349816,192.31886291503906,50520200,0.0,0.0,0.01730559575792312,1
191.6843647836334,192.65591819761897,190.76236853561463,192.0610809326172,48353800,0.0,0.0,-0.0013403884492378948,0
191.4365103758755,196.52230675519328,190.99037488225764,193.41928100585938,80507300,0.0,0.0,0.007071708993029668,1
193.4093850998196,194.77750187069304,190.8417003977572,191.46627807617188,59581200,0.0,0.0,-0.010097250488840026,0
192.42791035637276,193.29041080540085,189.5826239989074,190.28651428222656,71917800,0.0,0.0,-0.006161731485039734,0
191.7438412670713,193.230919269526,190.5938306479448,191.0895233154297,45377800,0.0,0.0,0.004219999700095123,1
191.66453127210508,192.7649696142135,191.25805964859208,191.9520263671875,37283200,0.0,0.0,0.00451360721819416,1
192.0015959886147,193.95462630849192,191.6546201978147,192.82444763183594,47471900,0.0,0.0,0.004544996378311517,1
194.33137847747412,195.5012060373142,190.89126978529973,191.5554962158203,47460200,0.0,0.0,-0.006580863742124965,0
192.99297950413737,194.9361013981904,192.46754649179775,194.1429901123047,48291400,0.0,0.0,0.013507802947972491,1
194.37098975201062,194.79729327585247,193.5778785263088,194.75762939453125,38824100,0.0,0.0,0.0031659102493013513,1
194.5494738750641,195.03524303340677,193.5977372471017,193.92489624023438,35175100,0.0,0.0,-0.004275740862556665,0
193.3597894476311,193.4985827896997,190.1972829299724,190.92098999023438,50389300,0.0,0.0,-0.015490049541028283,0
189.91969553388512,190.71279169853844,189.04727159995883,189.52313232421875,61235200,0.0,0.0,-0.007321655235954516,0
183.92181504025928,185.76579240309633,180.35282171627148,180.42222595214844,115799700,0.0,0.0,-0.048020029325503755,0
180.56102321579414,181.5524085909385,175.82220233279125,177.3092803955078,97576100,0.0,0.0,-0.017253670052082337,0
178.14203038384454,178.71703568412062,176.05020675575068,178.25108337402344,67823000,0.0,0.0,0.005311639505923393,1
179.31184291731705,179.37132361114365,175.48509529864398,176.65493774414062,60378500,0.0,0.0,-0.008954479264137949,0
177.93383023619305,179.1928938087059,176.07003615011226,176.4368438720703,54686900,0.0,0.0,-0.0012345755791224322,0
176.02983256684112,177.32036168980022,175.26543082107975,176.49639892578125,51988100,0.24,0.0,0.00033754318204715084,1
176.6751020557822,178.38258864969947,176.01990054114177,178.15426635742188,43675600,0.0,0.0,0.009393208256547991,1
177.5784931204611,178.17411849604412,175.7618061867858,176.1588897705078,43622600,0.0,0.0,-0.011200273940736527,0
175.84121662599503,177.24094603057796,175.2157956243564,175.28529357910156,46964900,0.0,0.0,-0.004959137699745542,0
175.85114660071363,176.218449670705,172.21777275650916,172.73399353027344,66062900,0.0,0.0,-0.014555128937139172,0
171.04634526208298,173.8259754434126,170.7088227434025,173.2204132080078,61114200,0.0,0.0,0.002816004353243473,1
173.79620604217206,174.84849110751958,172.47588124297116,174.5605926513672,46311900,0.0,0.0,0.007736844743292837,1
175.77172944077836,176.38721354501158,174.96762533098521,175.94049072265625,42084200,0.0,0.0,0.007904980444498166,1
177.2211114741355,180.2290643006026,177.032491470534,179.80218505859375,52722800,0.0,0.0,0.021948866460903993,1
179.355459364837,179.78233860000068,174.72936147404116,175.0966796875,54945800,0.0,0.0,-0.0261704571029564,0
176.08940889849805,177.84651968096887,174.54076169805765,177.31045532226562,51449600,0.0,0.0,0.012643161701961558,1
178.77967356057698,179.27603559399373,177.25088516267095,178.8789520263672,43820700,0.0,0.0,0.008846047466579465,1
178.3925260808221,183.55468861261488,178.19398428109324,182.78036499023438,53003900,0.0,0.0,0.021810352306246283,1
183.59439418869403,186.48322490340712,183.39585240180426,186.28466796875,60813900,0.0,0.0,0.01917220692005328,1
186.47328650618994,187.7439721096439,186.11590523348306,186.50306701660156,60794500,0.0,0.0,0.0011723941118342296,1
188.1112624395919,188.53812645740896,186.9100598225275,188.08148193359375,45732600,0.0,0.0,0.008463211582744101,1
186.91008160149724,188.5977094450193,186.24495831042893,188.3197479248047,45280000,0.0,0.0,0.0012668232340653507,1
187.02920802693,187.47594597496703,180.14963751857883,181.57916259765625,81755800,0.0,0.0,-0.03579330049783158,0
173.90539355501954,176.91336139268128,172.27732670257566,176.26808166503906,112488800,0.0,0.0,-0.029249396553202023,0
177.05235186894313,178.9285998393183,176.4964136407334,176.88357543945312,65551300,0.0,0.0,0.0034918050312913174,1
178.75983344187836,178.98815574028976,176.04968578063105,178.05499267578125,58953100,0.0,0.0,0.006622532552374327,1
178.1840809874041,178.8194239011428,173.54806056019387,175.0172882080078,90370200,0.0,0.0,-0.017060484640859075,0
175.22572770658326,176.00998823848755,172.7141369128852,172.94247436523438,84267900,0.0,0.0,-0.011854907958049998,0
172.73400399416633,174.81873079113439,172.31706166432645,174.4613494873047,60895800,0.0,0.0,0.008782545338530401,1
175.19592350235882,175.2157822233053,172.5552892315787,173.7366180419922,109205100,0.0,0.0,-0.004154108904019682,0
175.1959303652364,178.0748391046168,174.88818834345716,176.6750946044922,67257600,0.0,0.0,0.016913397967662558,1
176.22837977645918,178.32302815377042,175.84121799808253,177.76710510253906,51826900,0.0,0.0,0.0061808966367979945,1
177.95570880879336,178.3925098170354,174.1237933470795,174.21315002441406,58436200,0.0,0.0,-0.019992197522005095,0
173.27998896827123,175.01725608596104,172.59500693822505,172.66448974609375,63047900,0.0,0.0,-0.00888945684125042,0
173.39911221131908,175.79158086544706,172.7836281326413,173.5182342529297,56725400,0.0,0.0,0.004944528594683195,1
172.93250232441187,175.68235180017453,172.88286309929234,174.798828125,46172700,0.0,0.0,0.007380168877258342,1
173.54803864674588,173.92526351342306,170.4110267791137,170.70884704589844,64588900,0.0,0.0,-0.023398217957026457,0
171.36404026565756,171.7809825966186,167.82002287860425,169.18997192382812,66921800,0.0,0.0,-0.008897459905296778,0
168.10787564587397,170.77830558378838,166.4003891832915,169.44805908203125,56294400,0.0,0.0,0.0015254282228933658,1
170.76839850543928,171.81076180692196,169.10061419351356,169.96429443359375,51814200,0.0,0.0,0.0030465698713761924,1
169.97423364599135,173.03182590816493,169.68633515386165,172.48582458496094,52164500,0.0,0.0,0.014835646273649417,1
171.0066338674304,172.36667607241205,169.5771240058018,171.14561462402344,49594600,0.0,0.0,-0.007769971614550619,0
169.84517596678774,172.94248570241592,169.726053912722,172.396484375,53020300,0.0,0.0,0.007308803989658275,1
172.52551359241795,174.17343922355133,171.42358924241523,173.6373748779297,48527900,0.0,0.0,0.007197887517418788,1
172.53543905358532,176.69495515352654,171.91993985589522,176.19859313964844,57224100,0.0,0.0,0.014750385759513707,1
175.52353680032698,177.74724412480685,174.52089096334598,177.68768310546875,42390800,0.0,0.0,0.008451202358012777,1
176.80415770883764,178.41236580749592,176.6552400140717,177.092041015625,43698000,0.0,0.0,-0.003352185584468481,0
176.90342620076967,178.54143000452555,176.30780084757703,178.49179077148438,47551100,0.0,0.0,0.007904080543833514,1
178.759844529376,181.01331743803624,177.73732472140046,179.3951873779297,56743100,0.0,0.0,0.005061278182826312,1
180.10001451689263,180.60629838312414,176.84388049788197,177.54872131347656,51427100,0.0,0.0,-0.010292729094026343,0
175.46396449411634,177.77701319881453,175.22570528432323,177.4196319580078,52517000,0.0,0.0,-0.0007270644052729258,0
175.3646914585386,177.12181720914745,173.52816111664285,175.86105346679688,57549400,0.0,0.0,-0.008784701411058249,0
174.30248985254676,176.28793794498117,173.83590833900334,174.5605926513672,54764400,0.0,0.0,-0.0073948198864578485,0
174.75914678442408,176.54605322348112,173.91534037415258,174.18338012695312,59302900,0.0,0.0,-0.002160926006750219,0
174.03445888939677,174.14365914589465,171.38388737014972,171.6221466064453,64189300,0.0,0.0,-0.014704235953172273,0
169.66645205793418,172.7438871803198,168.69357169127747,171.74124145507812,55980100,0.0,0.0,0.0006939363653684083,1
171.7909082758531,172.4063923696406,170.20254365913797,172.17807006835938,43816600,0.0,0.0,0.00254352774895672,1
170.62942613878033,171.80083332633419,169.4083645680371,169.8551025390625,57157000,0.0,0.0,-0.013491657377589394,0
169.1303957533013,170.13305676328346,164.4645956319317,165.67572021484375,70625300,0.0,0.0,-0.02460557417318443,0
165.69558183671225,167.73066925493364,165.6161620916175,166.9960479736328,58499100,0.0,0.0,0.00796934974585839,1
167.7902309189435,169.92458166587582,167.64131321590813,169.0509796142578,51131000,0.0,0.0,0.012305271086112457,1
168.11782995408234,169.6565401685357,166.67836791176023,169.52749633789062,44846000,0.0,0.0,0.0028187752873134464,1
169.75581666227828,172.9623111800798,168.88221462983017,172.70420837402344,56934900,0.0,0.0,0.01873862414508376,1
174.2429278242073,176.48647870246754,174.18336680542194,176.27801513671875,77334800,0.0,0.0,0.020693223380843007,1
172.97223177840408,175.53346146527645,172.08870804185926,175.36468505859375,79763700,0.0,0.0,-0.005181191071482405,0
175.09667927913767,178.1244756256995,174.92791800211177,177.92593383789062,63841300,0.0,0.0,0.014605271172135392,1
177.87629469765844,181.1125849169399,177.66783112206795,180.49710083007812,70530000,0.0,0.0,0.01445077137844386,1
181.023246561535,182.11523398810698,180.26876654734838,181.55931091308594,49340300,0.0,0.0,0.005884914927291707,1
181.62881074103257,182.78035920210118,180.4871689201494,181.0828094482422,53763500,0.0,0.0,-0.002624494786014342,0
182.87206148972973,185.4565506612299,182.43468499907056,185.2875518798828,66133400,0.24,0.0,0.02321999777037065,1
184.71101456121173,184.9197527658604,183.1106225987718,183.6970977783203,43627500,0.0,0.0,-0.008583707245447103,0
186.579792942837,186.987349680322,185.18815428767326,186.32135009765625,60108400,0.0,0.0,0.014285758191470155,1
186.72890587030213,188.36905250310778,186.65931635404164,186.887939453125,53790500,0.0,0.0,0.003040925557762364,1
188.43864070160558,189.82034448090351,187.52411797622008,188.5778045654297,54412900,0.0,0.0,0.009042130365659817,1
189.11457782649978,189.24380683321974,187.44461143684416,188.55792236328125,50922700,0.0,0.0,-0.00010543235559590247,0
188.75673136709773,190.7646802061248,188.74679650771577,190.3074188232422,46505100,0.0,0.0,0.009278297289414983,1
190.2676365405526,190.37698064874536,188.60760520178732,189.50222778320312,38134500,0.0,0.0,-0.0042310018443733055,0
190.3471617671388,191.77855487032625,189.69109711501824,190.16822814941406,39617700,0.0,0.0,0.0035144724893305668,1
189.7308806564948,189.76070040271065,188.12055368994098,188.8362579345703,24048300,0.0,0.0,-0.0070041679822416825,0
188.78653185384877,189.53205575999598,187.77261509452617,188.6573028564453,40552600,0.0,0.0,-0.000947673291572082,0
188.64737693705334,189.9396214691522,188.26963995303524,189.263671875,38415400,0.0,0.0,0.0032141295850927065,1
189.76069003248776,190.9435904601538,187.84221568139642,188.2398223876953,43014200,0.0,0.0,-0.00540964611518735,0
188.70701635554832,189.1841625986753,187.06686975200412,188.8163604736328,48794400,0.0,0.0,0.0030627849018582953,1
189.19409067360718,190.41674564636727,188.10064953196948,190.09866333007812,45679300,0.0,0.0,0.006791269851980752,1
188.84617430866663,188.91576382150808,186.33127483914026,188.29945373535156,43389500,0.0,0.0,-0.009464609393925572,0
189.0748364979079,193.23981790539722,189.04500158311146,192.2656707763672,66628400,0.0,0.0,0.021063348630793177,1
193.28950362567244,193.5976510937421,190.9634725753497,191.17222595214844,41089700,0.0,0.0,-0.00568715579751411,0
192.4744006383907,193.8362194805571,192.43463086867496,193.11058044433594,47477700,0.0,0.0,0.010139310156239256,1
193.0409791518531,194.82030462884575,192.5141434931892,194.54197692871094,53377300,0.0,0.0,0.00741231516720342,1
191.95752525473316,192.33526227849603,190.2776087030193,192.027099609375,60943700,0.0,0.0,-0.012927170572845093,0
191.92768151957463,193.5578932326663,190.57579752571402,193.54795837402344,52696900,0.0,0.0,0.007920021537284105,1
193.925682544677,196.8183190559037,193.68712459255818,196.778564453125,70404200,0.0,0.0,0.016691501714828583,1
196.83821410318075,198.4286561477334,194.9893140401918,196.92767333984375,66831600,0.0,0.0,0.0007577496417516816,1
196.3511298862745,197.2159328291742,195.82429416614897,196.39089965820312,128256700,0.0,0.0,-0.0027257402300909783,0
194.91972010314345,195.45650584640038,193.22986883323685,194.72091674804688,55751900,0.0,0.0,-0.008503361983995594,0
194.98930475456203,195.77458329630363,194.72091188963017,195.7646484375,40714100,0.0,0.0,0.005360141616442826,1
195.72487446786357,196.50021813416774,193.667236328125,193.667236328125,52242800,0.0,0.0,-0.010713947212203756,0
194.92966611931476,195.90381315665195,192.34517705306277,193.51812744140625,46482500,0.0,0.0,-0.0007699231400509765,0
194.01515250091973,194.24379077463595,191.8183503425399,192.44459533691406,37122800,0.0,0.0,-0.005547449836797558,0
192.45452839560733,192.73285613100865,191.67918468017166,191.8978729248047,28919300,0.0,0.0,-0.002840934094055614,0
191.34120389827206,192.3451706464339,189.94955015213438,191.99725341796875,48087700,0.0,0.0,0.0005178822029101582,1
192.98135331561093,193.49825415286705,192.01714115491455,192.42469787597656,34049900,0.0,0.0,0.0022263050663400286,1
192.7427850763616,193.23980104114617,190.58573760932344,191.38096618652344,42628800,0.0,0.0,-0.005424104602860469,0
186.03307200647276,187.31538170646215,182.79253333369908,184.53208923339844,82488700,0.0,0.0,-0.03578661498892188,0
183.1205708792931,184.77066759112085,182.3352771284137,183.150390625,58414500,0.0,0.0,-0.007487579066266625,0
181.06292931922462,181.99732186004985,179.80051955406512,180.82437133789062,71983600,0.0,0.0,-0.0127000509208407,0
180.90387243418792,181.6692660827433,179.09472708075188,180.09869384765625,62303300,0.0,0.0,-0.0040131619696238685,0
181.0032684531674,184.49233019548157,180.41679326133186,184.4525604248047,59144500,0.0,0.0,0.024174892577684792,1
182.82234457021028,184.04499955584959,181.63944418662982,184.03506469726562,42841800,0.0,0.0,-0.002263431456725473,0
183.24979649333252,185.2875498615879,182.82235486658107,185.0788116455078,46792900,0.0,0.0,0.005671456958265653,1
185.42670336710847,185.93366934185158,182.524132048394,184.4823760986328,49128400,0.0,0.0,-0.0032226030714817,0
184.9495734055796,185.6255229866903,184.08477050382692,184.81040954589844,40444700,0.0,0.0,0.0017781289150906598,1
181.07287512108522,183.16033324766676,179.8502048243823,182.5341033935547,65603000,0.0,0.0,-0.012316980184919779,0
180.18816351220838,181.83824490899738,179.22395137316974,181.58973693847656,47317400,0.0,0.0,-0.005173643924730076,0
184.979392426226,188.01119275141858,184.72094959289208,187.50424194335938,78005800,0.0,0.0,0.032570700881001224,1
188.20007624137466,190.8044351704297,187.693125392904,190.41676330566406,68741000,0.0,0.0,0.015533095849556755,1
191.15234200232317,194.16425751836653,191.11257223144145,192.73284912109375,60133900,0.0,0.0,0.01216324537410518,1
193.8561183903394,194.58175747905844,192.67321792314553,194.01515197753906,42355600,0.0,0.0,0.00665326571102387,1
194.25372573180164,195.20800309667513,193.1801693842155,193.33921813964844,53631300,0.0,0.0,-0.0034839229359203694,0
194.0549059471631,195.0986424607324,191.95749806154728,193.01116943359375,54822100,0.0,0.0,-0.0016967520051608398,0
193.11057143190595,193.5976373302703,190.79447540505197,191.2716064453125,44594000,0.0,0.0,-0.009012758139262833,0
190.8640668648328,191.05293535979936,188.44857653714126,190.5857391357422,47145600,0.0,0.0,-0.0035858291897935546,0
189.80047228297695,190.6553404086777,186.35118003362723,186.9177703857422,55859400,0.0,0.0,-0.0192457671105577,0
185.92374345342654,185.98339811587047,183.24981004460298,183.29949951171875,55467800,0.0,0.0,-0.01935755421518459,0
182.891930125601,185.8342559814184,182.72294652699253,185.7447967529297,64885400,0.0,0.0,0.013340446906428216,1
178.78658786144558,186.21200777158808,178.18022776276848,184.7408447265625,102518000,0.0,0.0,-0.005405007536779638,0
187.02710222804,188.120543422021,184.73089088840356,186.55990600585938,69668800,0.0,0.0,0.009846557116209409,1
185.74483216314175,188.18020768741135,185.6553729175986,188.17027282714844,43490800,0.0,0.0,0.008631901975971745,1
189.5022571462235,189.9098139006124,187.48437342868021,188.27960205078125,53439000,0.0,0.0,0.0005810121970395432,1
188.2596969213544,188.40879563608698,186.23187856237746,187.1960906982422,40962000,0.0,0.0,-0.005754799461743176,0
187.76340641648085,189.0971204380579,187.11646725876852,187.9624786376953,45155200,0.24,0.0,0.004094038163908742,1
187.53448242231033,187.78330749959082,185.91213805857674,186.27044677734375,41781900,0.0,0.0,-0.00900196609778181,0
184.89694454758455,185.33487911795885,182.64755610649428,184.1703643798828,56529500,0.0,0.0,-0.0112743724718245,0
184.44907598078342,184.65808055839094,181.5826059912504,183.28456115722656,54630500,0.0,0.0,-0.004809694684803523,0
182.68738521978767,183.62296999377594,180.4977274519665,182.9959259033203,65434500,0.0,0.0,-0.001574793054493262,0
182.55800062284032,183.98128811611298,180.81622489348007,181.45321655273438,49701400,0.0,0.0,-0.008430293423040358,0
180.93564089848354,181.5726325042779,179.15405998428736,180.70672607421875,53665600,0.0,0.0,-0.004113955611796394,0
181.08494629412857,182.03047857973698,179.8109630738625,181.46316528320312,41529700,0.0,0.0,0.004186004723884418,1
182.6177080564135,184.09076354210745,181.60251261136847,183.50352478027344,52292200,0.0,0.0,0.011243932033732529,1
184.14051969682032,184.1703774935557,181.37358582743232,181.6622314453125,45119700,0.0,0.0,-0.010034103362132618,0
181.38355052297356,181.90109579673225,179.80101134340092,180.30862426757812,40867400,0.0,0.0,-0.007451230599585967,0
180.24888975946536,183.05562869813585,178.71611879819,181.77169799804688,54318900,0.0,0.0,0.008114274824134515,1
181.6522565198894,182.25939032452453,179.28345207788615,180.5673828125,48953900,0.0,0.0,-0.006625427383969429,0
180.41810366151438,181.71199718953457,178.6862755375109,179.90054321289062,136682600,0.0,0.0,-0.003693023563961284,0
178.70617492699984,179.68156498512658,176.54637506189474,178.81565856933594,73488000,0.0,0.0,-0.006030468970129044,0
175.3221528407019,176.0686281128373,172.9732433768994,174.277099609375,81510100,0.0,0.0,-0.025381216590722122,0
169.9574719243141,171.23145507958293,168.82283020205665,169.3204803466797,95132400,0.0,0.0,-0.028441024516732805,0
170.25608047856306,170.43524244414468,167.88726071561,168.3251953125,68587700,0.0,0.0,-0.005878113693877252,0
168.35503848083317,169.92761476617306,167.6981518296525,168.20574951171875,71765100,0.0,0.0,-0.0007096133205697353,0
168.20574707517525,172.88365534695112,168.1460314883945,169.9276123046875,76114600,0.0,0.0,0.010236646475920708,1
172.12723509594798,173.56046994775534,171.24141844268888,171.93812561035156,60139500,0.0,0.0,0.011831586864524013,1
172.33625244410158,173.21212162678884,170.20631026653984,172.41587829589844,59825400,0.0,0.0,0.0027786314632134435,1
171.9580519129805,172.37607625258147,169.95748841772314,170.3257598876953,52488700,0.0,0.0,-0.01212254015616876,0
172.0973773021251,173.49079163745046,171.24141844268888,172.18695068359375,72913500,0.0,0.0,0.010927241992788606,1
170.36554869703198,171.80873107910156,169.4896795825833,171.80873107910156,121664700,0.0,0.0,-0.0021965636942324895,0
174.7448914522954,176.87483361469177,172.70452267737835,172.90357971191406,75604200,0.0,0.0,0.00637248541407609,1
173.52065910891577,175.77999515234478,172.2168180823409,175.2524871826172,55215200,0.0,0.0,0.013585071371088997,1
174.89418909629194,177.830322265625,174.26714497871419,177.830322265625,53423100,0.0,0.0,0.014709263899471248,1
176.2179350177799,176.65586961417029,170.03711298613993,170.5646209716797,106181300,0.0,0.0,-0.040857493825448676,0
170.95279171103329,172.23673773536032,169.26078406375387,171.47035217285156,71106600,0.0,0.0,0.005310193849181966,1
169.76840571092222,171.1319624728949,168.65365887534398,170.04708862304688,54288300,0.0,0.0,-0.008300347738074088,0
169.20104494513856,170.61436949811346,168.78302065654685,168.91241455078125,57388400,0.0,0.0,-0.006672705081008035,0
169.60914876354798,172.78415954350993,169.31055559917013,172.49551391601562,60273300,0.0,0.0,0.02121276505793568,1
170.94282285202152,171.42056273337485,169.70864503919194,170.67408752441406,65672700,0.0,0.0,-0.010559268181828618,0
170.38546326457012,170.4451788535061,168.68349304450714,169.2309112548828,46240500,0.0,0.0,-0.008455743285135875,0
168.28537106183597,168.54414366405445,167.43935975957754,168.04649353027344,49329500,0.0,0.0,-0.00699882613540681,0
167.9967479570679,169.87786510696628,167.78774337767854,168.8527069091797,47691700,0.0,0.0,0.004797561448439236,1
169.48968886138192,171.11203328162168,168.026611328125,168.026611328125,53704400,0.0,0.0,-0.004892403540199153,0
168.79298281447828,169.5892261323792,168.15599119757314,168.7830352783203,42055200,0.0,0.0,0.004501810422863128,1
168.23563178927415,168.40483104125352,167.4493511257135,167.65835571289062,37425500,0.0,0.0,-0.006663463324824703,0
167.90716183961618,169.2806811483862,167.55881583801002,168.8726043701172,42451200,0.0,0.0,0.00724239869861254,1
168.0066961691415,168.29532657810816,166.3246362072623,166.99148559570312,49709300,0.0,0.0,-0.011139277335305509,0
167.54885233902874,174.63540094951088,167.36970557110288,174.2173614501953,91070300,0.0,0.0,0.04327092383611997,1
173.44104468475973,177.52178245719062,173.39129181372058,175.7202911376953,101593300,0.0,0.0,0.008626750370855918,1
174.53586805138283,175.7999037342719,171.68930847441092,171.87841796875,73531800,0.0,0.0,-0.021863571611856703,0
170.94284143183614,172.94338974194338,167.47920033817573,168.583984375,73711200,0.0,0.0,-0.019167232469808893,0
168.81289870293196,169.84800441976404,167.21046447753906,167.21046447753906,50901200,0.0,0.0,-0.008147392544748833,0
167.24031189258443,167.8474456964944,165.7672716683895,166.2549591064453,43122900,0.0,0.0,-0.005714387398416121,0
165.42888374733738,165.6179780634261,163.3088890664717,164.2245635986328,67772100,0.0,0.0,-0.012212541019678946,0
164.74211969252124,166.47393259764522,163.9956444231876,165.06060791015625,48116400,0.0,0.0,0.005090860302523037,1
164.57291251221173,166.26492000363532,164.14492548116624,166.11561584472656,49537800,0.0,0.0,0.006391639700882301,1
165.75730653407012,168.50434510258808,165.42887079721268,168.2256622314453,48251800,0.0,0.0,0.01270227591782258,1
168.73327450279362,169.80820075027214,167.3597550998357,169.09158325195312,50558300,0.0,0.0,0.005147377689121324,1
169.081624768213,170.53475474394267,168.38490238817732,168.5043487548828,44838400,0.0,0.0,-0.0034728783406996477,0
172.55520693212748,175.20270935632288,172.28648678772151,172.68460083007812,68169400,0.0,0.0,0.024807977396928527,1
172.51541154910535,174.1676137755898,169.20105955998108,169.52951049804688,65934800,0.0,0.0,-0.01827082621649545,0
168.78303163206596,171.89832652202932,168.31523926242042,168.5043487548828,50383100,0.0,0.0,-0.006047099057576055,0
171.69926693100732,172.6049939419865,170.08688513916925,172.21682739257812,94214900,0.0,0.0,0.0220319455558724,1
185.77280978325868,186.12117099096088,181.80157098826203,182.5181884765625,163224100,0.0,0.0,0.05981622841362544,1
181.4930249418685,183.3343214775735,179.5720873686165,180.8560333251953,78569700,0.0,0.0,-0.009106791850394869,0
182.58785409480518,184.0310366275269,180.46787458450643,181.54278564453125,77305800,0.0,0.0,0.0037972320121668623,1
181.9906787165348,182.20964601288568,180.59724908638574,181.88119506835938,45057100,0.0,0.0,0.0018640753066925253,1
181.70204263297254,183.792179594264,181.2541604804327,183.70260620117188,48983000,0.0,0.0,0.010014290548992388,1
184.280653249985,184.47001925959685,181.51994258592455,182.43685913085938,50759500,0.25,0.0,-0.006890196587229558,0
184.81883849593646,186.47328168344126,184.00157793065927,185.65602111816406,72044800,0.0,0.0,0.01764534865728873,1
186.88188838827716,187.66925062518712,185.66597383097238,186.80215454101562,52393600,0.0,0.0,0.006173424465033106,1
187.28058361009533,190.01139602124525,186.7423838683229,189.0845184326172,70400000,0.0,0.0,0.012218081195098929,1
189.83199615864385,190.45989075478766,189.02471179656044,189.2041015625,52845200,0.0,0.0,0.0006324321571860025,1
188.87519880271202,190.17084727488813,188.54630236847427,189.23399353027344,41282900,0.0,0.0,0.00015798794807597716,1
188.69582178398366,191.27714266640717,188.37688635675946,190.40008544921875,44361300,0.0,0.0,0.006162169371322523,1
190.44991454290118,192.08442053272114,190.28048580582154,191.70570373535156,42309400,0.0,0.0,0.0068572358203118355,1
191.625965130265,192.17412585880137,189.63266445026173,190.2605438232422,34648500,0.0,0.0,-0.00753842939438254,0
190.34028576334703,190.3602230291439,186.00486572472462,186.2540283203125,51005900,0.0,0.0,-0.02105804715165671,0
188.1875250894915,189.94162421863646,187.41012383078694,189.3436279296875,36294600,0.0,0.0,0.016588095501814504,1
190.86848939299406,192.35350378297326,188.46657377923762,189.3535919189453,52280100,0.0,0.0,5.262384251714103e-05,1
188.97488815842905,191.60604467860838,188.87521703261189,189.65260314941406,53068000,0.0,0.0,0.001579115703264522,1
190.12102272627732,191.53626445370173,189.99146851693155,190.6492462158203,49947900,0.0,0.0,0.005255098268390546,1
190.79874896001851,191.92496874276912,189.27387511297837,191.6060333251953,75158300,0.0,0.0,0.0050185727369300714,1
192.25384615761888,194.33685694398167,191.8751293663799,193.38006591796875,50080500,0.0,0.0,0.009258751209376248,1
193.98801176077237,194.66574186569684,192.38340418619828,193.69898986816406,47471400,0.0,0.0,0.0016492079919478986,1
194.74547082752238,196.24044634116564,194.2172473626493,195.21389770507812,54156800,0.0,0.0,0.0078209382400245,1
195.03450583879902,195.84179017422778,193.5195930765027,193.82855224609375,41181800,0.0,0.0,-0.007096551399620621,0
193.99798178181695,196.28031956711487,193.48969558531903,196.23048400878906,53103900,0.0,0.0,0.012392043044544332,1
196.2404356269631,196.63910486677477,191.50634675889475,192.4730987548828,97262100,0.0,0.0,-0.019147816267619078,0
193.00133588013964,206.46609195915696,192.9814138224934,206.45611572265625,172373300,0.0,0.0,0.0726492016714555,1
206.67538853844061,219.46241499269527,206.20696163392407,212.35630798339844,198134300,0.0,0.0,0.028578432952154564,1
214.02069454325613,216.02395620562416,210.89121315624297,213.52236938476562,97862700,0.0,0.0,0.005491060813970883,1
213.13367378271622,214.44924427717243,210.59221246372425,211.77822875976562,70122700,0.0,0.0,-0.008168421088738831,0
212.65527993528355,218.21659070332575,212.0074632920053,215.94422912597656,93728300,0.0,0.0,0.019671523322337015,1
216.86113841241473,217.89766325641614,212.28651711595563,213.5721893310547,79943300,0.0,0.0,-0.010984501899043986,0
213.21339445126264,213.5223688231627,208.1504242370716,208.97763061523438,86172500,0.0,0.0,-0.021512907322864816,0
209.68527826262047,211.18025387128242,206.4162661482939,206.7949981689453,246421400,0.0,0.0,-0.010444335309302444,0
207.02421872275744,211.9875333707341,205.89799892378585,207.44281005859375,80727000,0.0,0.0,0.003132628426143924,1
208.44940858434205,210.67194975002218,207.91122410230182,208.36968994140625,56713900,0.0,0.0,0.004468122479398984,1
210.79155216910215,214.1402980033581,209.9344322470105,212.5356903076172,66213200,0.0,0.0,0.01999331269045146,1
213.97087836680484,215.01736433595826,211.63872006367095,213.3828582763672,49772700,0.0,0.0,0.003986003327365095,1
215.04724812174294,215.34624626528088,209.5955695452833,209.91448974609375,82542700,0.0,0.0,-0.01625420410191203,0
211.37956216985054,216.78140506529675,211.2101334408119,216.02395629882812,60402900,0.0,0.0,0.029104549000520175,1
215.42597092933886,219.64181293490427,214.3795002092306,219.5321807861328,58046200,0.0,0.0,0.016239978877397032,1
219.26308073535034,220.80789184570312,218.29632866276663,220.80789184570312,37369800,0.0,0.0,0.005811043533581639,1
220.90754038733803,225.69146503075916,220.90754038733803,225.5818328857422,60412400,0.0,0.0,0.021620337027514536,1
226.32931907748747,227.08678305881674,222.50218547217585,227.056884765625,59085900,0.0,0.0,0.00653887709401646,1
227.1664984715379,228.631575647805,225.6117264169712,227.9139862060547,48076100,0.0,0.0,0.0037748313217387253,1
228.5319341376685,232.29927134034506,228.48209857735924,232.19960021972656,62627700,0.0,0.0,0.018803646432638432,1
230.61492037011672,231.61157070495582,225.01375035477759,226.80772399902344,64710600,0.0,0.0,-0.023220867803393608,0
228.1531925563972,231.86073301422448,227.91399100155513,229.76776123046875,53046500,0.0,0.0,0.013050866078344159,1
235.68787221439834,236.43535998230433,232.3092281117703,233.61483764648438,62631300,0.0,0.0,0.016743325501425765,1
234.2128217621178,235.47857190808813,231.55176727169922,234.03343200683594,43234300,0.0,0.0,0.0017918141012300826,1
228.68140979310064,230.68468664215072,225.88082486496336,228.1133270263672,57345900,0.0,0.0,-0.025295979850843864,0
229.50863493701104,229.66810263837593,221.52547133243425,223.42906188964844,66034600,0.0,0.0,-0.020534815732959344,0
224.06694094221692,226.04030439428965,222.53209087352224,223.5586395263672,49151500,0.0,0.0,0.0005799497864014125,1
226.24957960487185,227.01700459563804,222.34271224556252,223.20980834960938,48201800,0.0,0.0,-0.0015603565019757237,0
223.61844622977043,226.17984506717187,221.9341046141529,224.2563018798828,39960300,0.0,0.0,0.004688385058036149,1
223.24967028544495,224.04699357799979,216.40268749627205,217.80795288085938,61777600,0.0,0.0,-0.028754371426660374,0
218.19665359620475,220.11023564894725,213.9010930254534,216.76148986816406,51391200,0.0,0.0,-0.004804521592780109,0
217.96741565742542,218.75477790382115,215.2864239407029,217.2299041748047,41601300,0.0,0.0,0.0021609664471557988,1
216.23326096996,218.5654190781,215.0273073866339,217.50897216796875,36311800,0.0,0.0,0.0012846665574159921,1
218.45580119769897,219.5919820328496,215.39607720378967,218.06710815429688,41643800,0.0,0.0,0.0025660366134097057,1
220.6982497488722,223.07028238181744,219.89096542123676,221.3361053466797,50036300,0.0,0.0,0.014990785268128581,1
223.618417993468,223.72805013234773,216.29304757526307,217.62855529785156,62501000,0.0,0.0,-0.016750769347011696,0
218.41592196270943,224.84432899946665,216.98075820790513,219.12355041503906,105568600,0.0,0.0,0.006869480501496827,1
198.42310739676375,212.7848420736874,195.34346157584417,208.5690155029297,119548600,0.0,0.0,-0.04816704955774109,0
204.61231506511243,209.28660752946874,200.39648844230862,206.5358428955078,69660500,0.0,0.0,-0.009748200625674053,0
206.20693999643444,212.92436846093156,205.69865382063958,209.11717224121094,63516400,0.0,0.0,0.012498214883743364,1
212.39614722358988,213.4824924067945,208.13048513245963,212.59547424316406,47161100,0.0,0.0,0.01663326815619426,1
211.38955402452135,216.05387055494424,211.259984607228,215.51568603515625,42201600,0.0,0.0,0.013736001682952415,1
215.59550663031672,219.02793942662467,215.12653755613,217.0522918701172,38028100,0.25,0.0,0.007129902529277032,1
218.52904142421028,221.4027217224782,218.52904142421028,220.78408813476562,44155300,0.0,0.0,0.01719307468488518,1
220.08562480803565,222.54021400164925,219.21752501736546,221.23309326171875,41960600,0.0,0.0,0.002033684269307834,1
224.10676986474735,224.8551228159093,222.27079905335071,224.22650146484375,46414000,0.0,0.0,0.013530562534709967,1
223.42826155403992,226.33187474025672,223.15885022096822,225.5535888671875,44340200,0.0,0.0,0.005918512725632485,1
225.22429606357244,225.49370737790127,222.55017371179113,225.3939208984375,40687800,0.0,0.0,-0.0007078937185256429,0
225.27420804373648,226.6711275207631,224.95490346311303,226.0125732421875,30299000,0.0,0.0,0.002744760556469439,1
226.0225636042008,227.47934890039068,224.55579052395228,225.90281677246094,34765500,0.0,0.0,-0.0004856210791819304,0
227.28974628083643,227.8385414771675,223.4082896744648,224.0369110107422,43695300,0.0,0.0,-0.008259772004517218,0
225.16444130741013,227.7188169640382,223.83736023691762,226.3418426513672,38677300,0.0,0.0,0.01028817809630711,1
226.2620154817008,226.7808777924977,223.39832305195915,226.68109130859375,30602200,0.0,0.0,0.0014988331510099595,1
225.50369501854036,228.34744239539063,224.39613201364162,227.52923583984375,35934600,0.0,0.0,0.0037415760015702126,1
227.4194670399241,229.35520907583674,225.18438078371824,225.99261474609375,38052200,0.0,0.0,-0.0067535105459222144,0
229.59470189609323,232.4085012026452,228.37737982242845,229.28536987304688,51906300,0.0,0.0,0.014570189077428797,1
229.6844899472923,229.89402024722435,226.98043458769098,228.49710083007812,52990800,0.0,0.0,-0.0034379386849026083,0
228.04809790202157,228.4971066385697,220.68429981162342,222.28079223632812,50190600,0.0,0.0,-0.027205196788788855,0
221.17322424578342,221.29295584608857,217.0023958735564,220.36500549316406,43840200,0.0,0.0,-0.008618768737908789,0
221.14329437614535,224.98483044961614,221.03353533260162,221.8916473388672,36615400,0.0,0.0,0.006927787115230011,1
223.45818364879955,224.74535922490057,219.2873705935476,220.33506774902344,48423000,0.0,0.0,-0.00701504364184824,0
220.3350822772696,220.7840910234286,216.23410730849415,220.4248809814453,67180000,0.0,0.0,0.0004076211441939037,1
218.43922835246784,220.9936039050013,216.25403537150672,219.62661743164062,51591000,0.0,0.0,-0.0036214766057733883,0
220.97367404683663,222.6000841658612,217.41150656335964,222.17103576660156,44587100,0.0,0.0,0.01158520021259668,1
222.01138090428717,223.0590781064196,219.33727360197898,222.28079223632812,37498200,0.0,0.0,0.0004940179053847249,1
223.08899783711732,223.54797910505988,221.42266715079168,222.01136779785156,36766600,0.0,0.0,-0.0012120905084327394,0
216.0644583037111,216.74297289953918,213.4502168549942,215.84495544433594,59357400,0.0,0.0,-0.027775209957403346,0
215.27619443719672,216.42366284814068,214.02893954474482,216.31390380859375,45519300,0.0,0.0,0.0021726167437754462,1
217.07224903728172,222.22092099435915,217.06226125375574,220.20535278320312,59894900,0.0,0.0,0.017989823613246525,1
224.49591687958383,229.31531179988679,224.1367068474718,228.3673858642578,66781300,0.0,0.0,0.037065552575783034,1
229.46496974860833,232.57811312113958,227.12012443578536,227.6988525390625,318679900,0.0,0.0,-0.0029274465907872527,0
226.8407407931877,228.94610768522742,225.31410200503296,225.97265625,54146000,0.0,0.0,-0.0075810495740920025,0
228.14786961487798,228.8463445678705,225.2342838755063,226.8706817626953,43556100,0.0,0.0,0.003974045035350704,1
224.43603888049125,226.79085685048213,223.52804884217394,225.8728790283203,42308700,0.0,0.0,-0.004398112292970047,0
226.80083714120576,227.99819881641105,224.9149883158055,227.02035522460938,36636700,0.0,0.0,0.005080185816134231,1
227.9582911728241,229.01596089620384,226.80083496693393,227.2897491455078,34026000,0.0,0.0,0.0011866509530913394,1
229.5348054854851,232.48831176757812,229.1456625683617,232.48831176757812,54541900,0.0,0.0,0.02287196251311041,1
229.0159547825387,229.14565893600417,223.24864947388588,225.71322631835938,63285000,0.0,0.0,-0.02914161747620203,0
225.3939223013361,226.8706678098605,222.53022998119604,226.28196716308594,32880600,0.0,0.0,0.002519749746186184,1
224.64557310138042,226.3119038145279,222.82957789090332,225.17440795898438,34044200,0.0,0.0,-0.004894597735679573,0
227.39951613756347,227.49930262356304,223.63780617480538,226.30194091796875,37245100,0.0,0.0,0.005007376145470976,1
224.0069975750027,225.19438676879486,220.84396072803747,221.2031707763672,39505400,0.0,0.0,-0.022530828153390803,0
223.80742742544692,225.4837307412941,222.75973024040246,225.27420043945312,31855700,0.0,0.0,0.018404029421448476,1
224.73538646570117,229.24546472466872,224.33627096325682,229.03591918945312,33591100,0.0,0.0,0.016698400183695394,1
227.279775108536,228.99599906464633,226.67111410985407,228.53700256347656,28183500,0.0,0.0,-0.0021783335458569475,0
228.79644988971887,228.9062089337624,226.84074743911052,227.05029296875,31759200,0.0,0.0,-0.006505334269944485,0
228.19775690140833,231.22110160659443,228.09798564307096,230.79205322265625,39882100,0.0,0.0,0.01647987415026697,1
233.0969778733182,236.9684620133565,231.85969551276995,233.33645629882812,64751400,0.0,0.0,0.011024656354684748,1
231.09139869260778,231.61024577942743,229.33525401328018,231.27099609375,34082200,0.0,0.0,-0.008851853833045875,0
232.9173703418766,233.3364614020046,230.0137723986246,231.6401824951172,32993800,0.0,0.0,0.001596336797968112,1
235.66133386929857,235.66133386929857,233.4961010856326,234.4839324951172,46431500,0.0,0.0,0.012276583317144985,1
233.9351372634737,236.32987592195377,233.9351372634737,235.96067810058594,36254500,0.0,0.0,0.0062978541418803324,1
233.376366009758,235.70125104779564,232.08920560922664,235.342041015625,38846600,0.0,0.0,-0.0026217804167235625,0
233.56595129753524,234.62362105235994,227.25982300232985,230.25323486328125,52287000,0.0,0.0,-0.021623022093217426,0
229.4749437774939,230.31311065070702,227.90839952304313,230.06365966796875,31109500,0.0,0.0,-0.0008233334720576524,0
229.23547896644118,232.7078323586645,229.0658541264054,230.9018096923828,38802300,0.0,0.0,0.003643122193325521,1
232.80762499530724,234.21451699403664,232.03931169048735,232.88743591308594,36087100,0.0,0.0,0.008599439836995959,1
232.58810476348472,233.815399347975,231.8098189074392,233.15684509277344,35417200,0.0,0.0,0.0011568214430770496,1
232.09917848988178,232.95729049985403,229.04590082483264,229.59469604492188,47070900,0.0,0.0,-0.015277908939084206,0
228.83635490362704,229.325284321648,224.8750719925984,225.4138946533203,64370100,0.0,0.0,-0.018209485949028936,0
220.48474431371312,224.8551305713263,219.78628458026085,222.4204864501953,65276700,0.0,0.0,-0.013279608196862802,0
220.5046966292777,222.3007315284092,219.2275088130919,221.52244567871094,44944500,0.0,0.0,-0.004037581186054351,0
221.31291912362707,223.45819152571042,220.65436486265338,222.95928955078125,28111300,0.0,0.0,0.006486222502952499,1
222.12113695305962,225.5735453041769,220.7042571772517,222.23089599609375,54561100,0.0,0.0,-0.003266935215639921,0
224.13670611072257,227.37956894750107,224.0768403097807,226.98043823242188,42137700,0.0,0.0,0.021372105867816016,1
226.92049995960826,228.4088689967903,226.16134014604208,226.7107391357422,38328800,0.25,0.0,-0.0011882041412023536,0
224.7528927426808,225.45212091614073,221.25673663335022,223.98373413085938,42005600,0.0,0.0,-0.012028565630717747,0
224.30339000560164,225.34224111445195,223.11469448970428,223.98373413085938,40398300,0.0,0.0,0.0,0
223.76397540644066,226.4010754152989,222.5153482196322,224.8727569580078,48566200,0.0,0.0,0.003969140127956905,1
224.77287777547028,228.61864039722624,224.7528954725484,227.9693603515625,44923900,0.0,0.0,0.013770469288696185,1
226.15134020310103,226.67077335813082,224.023689933323,224.7528839111328,47923700,0.0,0.0,-0.014109248872170355,0
225.00261496304853,229.4876892234719,224.92270099550518,227.7695770263672,44686000,0.0,0.0,0.013422266547766126,1
226.73070634208972,229.90722171238716,226.41106572007726,228.02928161621094,36211800,0.0,0.0,0.0011402075432298542,1
227.80951934283004,229.67746064503265,225.64190448211673,228.7484893798828,35169600,0.0,0.0,0.003154014951826989,1
228.6286329426038,229.90722593821596,225.46211628612434,228.26902770996094,42108300,0.0,0.0,-0.0020960211419173147,0
227.80952873867182,230.46661102927646,227.80952873867182,229.61753845214844,38168300,0.0,0.0,0.005907550208260837,1
231.2058026888721,232.99383009111634,229.48769048234254,232.61424255371094,90152800,0.0,0.0,0.013050850217118715,1
233.07373841155265,235.31128373473052,233.07373841155265,234.8018341064453,45986200,0.0,0.0,0.00940437493731383,1
234.21249554010248,235.43115689965902,233.55321672420507,234.67198181152344,33498400,0.0,0.0,-0.00055302930411949,0
234.55211454995276,237.5488197625333,233.71304074851764,237.06935119628906,28481400,0.0,0.0,0.010215831332992531,1
237.00941446483552,240.52553753151284,236.89953466637493,239.3268585205078,48137100,0.0,0.0,0.009522560857517126,1
239.54662188503684,242.49337894569658,238.6376176509325,242.3834991455078,38861000,0.0,0.0,0.012771824457546543,1
242.60325739533934,243.84190102311462,240.9850414761411,242.74310302734375,44383900,0.0,0.0,0.0014836153579087519,1
243.72204013219255,244.2714238935446,241.86408229295347,242.7730712890625,40033900,0.0,0.0,0.0001234566969978701,1
242.6432183998472,244.3613305629988,241.8141281502541,242.5732879638672,36870600,0.0,0.0,-0.0008229220981327279,0
241.56440918324205,246.96847124510987,241.48449521514058,246.47900390625,44649200,0.0,0.0,0.016101179050533432,1
246.61884065291167,247.93739821602466,245.0705399660552,247.4978790283203,36914800,0.0,0.0,0.004133719732402952,1
247.68767076725757,250.52454792031958,245.98952569372008,246.2192840576172,45205800,0.0,0.0,-0.005166084556857187,0
246.61885092340057,248.46682524629017,245.41017310687806,247.68768310546875,32777500,0.0,0.0,0.005963785710253022,1
247.54782582286595,249.01619729452798,245.96955931284188,247.85748291015625,33155300,0.0,0.0,0.0006855399612875068,1
247.71764416028498,251.10392039685559,247.3780059899919,250.7642822265625,51694800,0.0,0.0,0.011727704494844282,1
249.80533943156328,253.5512208135588,249.50566587259755,253.20159912109375,51356400,0.0,0.0,0.009719553649706558,1
251.88305927654196,254.0007260278641,247.46791553993853,247.77757263183594,56774100,0.0,0.0,-0.021421770273511442,0
247.22817727073837,251.72323503929724,246.81862390484895,249.51565551757812,60882300,0.0,0.0,0.007014690099998555,1
247.76758181309805,254.71994465608725,245.42017186050566,254.21051025390625,147495300,0.0,0.0,0.018815872401230394,1
254.49020366493687,255.36922684225433,253.17164603591402,254.98965454101562,40858800,0.0,0.0,0.0030649570166518814,1
255.2094124344067,257.92641115938613,255.0096198916901,257.91644287109375,23234700,0.0,0.0,0.011478066964506484,1
257.90642916266114,259.81433504408284,257.34704665632455,258.7355041503906,27237100,0.0,0.0,0.0031756846138972783,1
257.54682582842287,258.41589596104086,252.78207543596488,255.30929565429688,42355300,0.0,0.0,-0.01324212735064867,0
251.95298524244893,253.22159473829512,250.47461491371794,251.9230194091797,35557500,0.0,0.0,-0.01326342715583062,0
252.16275955239965,253.00183336212825,249.15605553782555,250.1449737548828,39480700,0.0,0.0,-0.007057892758140283,0
248.65660659999048,248.826433311358,241.55442975303322,243.5821990966797,55740700,0.0,0.0,-0.026235884574015045,0
243.0927276611328,243.91181916074598,241.624340886356,243.0927276611328,40244100,0.0,0.0,-0.002009471288797249,0
244.04168187374515,247.05836939894766,242.93290033169586,244.73092651367188,45045600,0.0,0.0,0.006738987497901139,1
242.71314361950866,245.28032844029428,241.08494412707995,241.94400024414062,40856000,0.0,0.0,-0.011387715926354569,0
241.65429905026372,243.44234164075266,239.78635773622742,242.43344116210938,37628900,0.0,0.0,0.0020229512510121506,1
239.7463920626497,239.8962364632009,232.74409661721964,236.58987426757812,61710900,0.0,0.0,-0.024103798826267564,0
233.27352322575203,234.41227060505477,229.46771001708314,234.14256286621094,49630700,0.0,0.0,-0.010344108804078989,0
234.49217517741417,235.8606656353981,232.21468051006943,233.02378845214844,39435300,0.0,0.0,-0.004778176169113579,0
234.38230107288462,238.6975638581554,234.17252500331003,237.60874938964844,39832000,0.0,0.0,0.01967593509639265,1
237.089336348529,237.74859991927732,227.7795647267042,228.00930786132812,71759100,0.0,0.0,-0.04040020223572849,0
231.86506609768284,232.03487756376998,228.22906438809179,229.7274169921875,68488300,0.0,0.0,0.007535258744368001,1
223.75398423747347,224.17352112887505,219.13906319002535,222.39547729492188,98070400,0.0,0.0,-0.03191582351493971,0
219.54859611049605,223.87384226456615,219.54859611049605,223.58416748046875,64126500,0.0,0.0,0.005344938665144516,1
224.493183388126,226.78066167492807,222.05586069453574,223.41436767578125,60234800,0.0,0.0,-0.0007594446717803516,0
224.53312753788666,225.38220009721186,221.16683361690275,222.5353240966797,54697900,0.0,0.0,-0.003934588398438299,0
223.77396171163917,231.89502211760887,223.73399710835045,229.6075439453125,94863400,0.0,0.0,0.03178021232063055,1
230.59647127201654,239.9262098046868,230.55650666713984,237.99832153320312,75707600,0.0,0.0,0.03654399783087747,1
233.86287156365174,239.5965730646729,233.75299176206667,239.0971221923828,45486100,0.0,0.0,0.0046168420520831255,1
238.40787147181928,240.52553823889048,236.94948349745044,237.3290557861328,55658300,0.0,0.0,-0.0073947623879278,0
246.91852728753366,246.91852728753366,233.18362815459494,235.74081420898438,101075100,0.0,0.0,-0.006692149732309471,0
229.73741895869952,231.5753945205246,225.45212191586603,227.75958251953125,73063300,0.0,0.0,-0.03385596048030004,0
227.00041910872287,232.87396618357337,226.40107197135944,232.54432678222656,45067300,0.0,0.0,0.021007872466946687,1
228.27901582634638,232.4144684638066,228.0193068583431,232.21469116210938,39620300,0.0,0.0,-0.0014175173597156254,0
231.0359788855247,233.54323203112875,230.17692277145878,232.9638671875,29925300,0.0,0.0,0.003226221483410008,1
232.3445476829273,233.74300400322835,227.0104008794231,227.3800048828125,39707200,0.0,0.0,-0.023968791264069034,0
229.57000732421875,230.58999633789062,227.1999969482422,227.64999389648438,33115600,0.25,0.0,0.0011873911860060815,1
228.1999969482422,235.22999572753906,228.1300048828125,232.6199951171875,53718400,0.0,0.0,0.021831765227118938,1
231.1999969482422,236.9600067138672,230.67999267578125,236.8699951171875,45243300,0.0,0.0,0.018270140526221557,1
236.91000366210938,242.33999633789062,235.57000732421875,241.52999877929688,53614100,0.0,0.0,0.01967325435120615,1
241.25,245.5500030517578,240.99000549316406,244.60000610351562,40896200,0.0,0.0,0.012710666748373622,1
